covariate,coef,exp(coef),se(coef),coef lower 95%,coef upper 95%,exp(coef) lower 95%,exp(coef) upper 95%,cmp to,z,p,-log2(p)
Vital_capacity,1.9039589088485718,6.712415752032412,0.17393265313788814,1.5630571729628133,2.24486064473433,4.773392046164227,9.439100076504108,0.0,10.94652944400943,6.90425094823763e-28,90.22650175385907
Onset_site,0.4796842411841434,1.6155641930090838,0.1365552152316693,0.21204093742895613,0.7473275449393306,1.2361984908305559,2.1113499822989574,0.0,3.512749332717518,0.000443495671149771,11.138792356739541
Diagnostic_Delay,0.039029382290550474,1.0398010349374454,0.012706704365077919,0.014124699372799858,0.06393406520830108,1.0142249242651888,1.0660221084985735,0.0,3.071558223847222,0.002129446294703183,8.875305939531957
Age,-0.3460900895722184,0.7074487504802449,0.05701528350708144,-0.4578379918144385,-0.2343421873299982,0.6326499623778403,0.7910910682345914,0.0,-6.070128363550681,1.278080515926872e-09,29.543374128601638
TRICALS,3.6022095585057983,36.679189788739514,0.15624375997204376,3.2959774161514717,3.908441700860125,27.003795120668983,49.82125503272755,0.0,23.05506190551438,1.3086117864823111e-117,388.2775499317991
