covariate,coef,exp(coef),se(coef),coef lower 95%,coef upper 95%,exp(coef) lower 95%,exp(coef) upper 95%,cmp to,z,p,-log2(p)
Agec,-0.6642223480640139,0.514673609052934,0.05738181009747719,-0.776688629222786,-0.5517560669052418,0.4599264796029533,0.5759375369825335,0.0,-11.575486150326524,5.4859394741349365e-31,100.52403223635578
ALSFRS_Raschc,1.0466354260802055,2.848052496330615,0.03497606270711913,0.9780836028532376,1.1151872493071735,2.6593549751774677,3.0501392621771926,0.0,29.92433524735105,9.495009032406747e-197,651.1726653200288
TRICALSc,3.182069985267295,24.096581531443082,0.0810294515857878,3.023255178472119,3.340884792062471,20.558103178422513,28.244105813756235,0.0,39.27053587297654,0.0,inf
Diagnosis_delayc,4.803524185835049,121.93939827091957,0.13899345225545243,4.531102025327475,5.075946346342623,92.86083971223366,160.12365273404959,0.0,34.55935591128982,1.031344797712441e-261,866.9787060325181
Vital_Capacityc,3.390592582637541,29.68353700830101,0.11323217730549255,3.1686615932277222,3.61252357204736,23.77564157218758,37.05945711908312,0.0,29.943719738691925,5.3114467852567506e-197,652.0107298024752
Onset_site_limb,0.8711935178280832,2.3897613749176774,0.05080508070394963,0.7716173894166911,0.9707696462394753,2.1632622633086003,2.639975524887955,0.0,17.147763683413572,6.531815674909886e-66,216.53977018333893
Riluzole_use_Yes,0.166820188492306,1.1815417913953925,0.04852248158562815,0.07171787214396687,0.26192250484064517,1.0743521966207983,1.2994258393149427,0.0,3.4379978731697105,0.0005860323013999255,10.736732193084238
European_1,0.3503338893299566,1.419541439215329,0.1358280746182444,0.08411575498877855,0.6165520236711347,1.0877547995661934,1.852529539242821,0.0,2.579245051618363,0.009901651800058324,6.658115068058611
Age_Riluzole,0.14406875096232055,1.1549635106481984,0.05926234505585113,0.027916689013467,0.2602208129111741,1.028310011331214,1.2972164971942053,0.0,2.4310335817211515,0.015055819037141876,6.053534996910925
