covariate,coef,exp(coef),se(coef),coef lower 95%,coef upper 95%,exp(coef) lower 95%,exp(coef) upper 95%,cmp to,z,p,-log2(p)
Vital_capacity,0.6266928095352202,1.871411220340851,0.20625569627664844,0.22243907322675716,1.0309465458436833,1.2491197124987183,2.803718427124916,0.0,3.038426675472973,0.0023781697162724093,8.715932609070684
Onset_site,0.5727816163383477,1.7731925391873022,0.12510873468123504,0.3275730022117498,0.8179902304649456,1.3875963452028033,2.2659412385307,0.0,4.578270396529386,4.6883640097562285e-06,17.702483982780137
European,0.950619469587331,2.587311924037355,0.3389955053294863,0.28620048822058186,1.61503845095408,1.3313593503638443,5.028081254273268,0.0,2.8042244060533412,0.005043778656903267,7.631279319383484
Diagnostic_Delay,0.06536393101757115,1.0675474673327785,0.011698478446663966,0.0424353345881917,0.0882925274469506,1.0433485856262408,1.0923076052521625,0.0,5.5873873953420725,2.3051112796283132e-08,25.3705883604214
Age,-0.588655833343005,0.555072893986995,0.06755561448047438,-0.7210624046782073,-0.45624926200780264,0.48623540268839316,0.6336558710772225,0.0,-8.713647827348892,2.942495396572629e-18,58.23766554975113
TRICALS,4.168424287019357,64.61355942736068,0.1746258291849046,3.8261639510465,4.510684622992213,45.88617856106037,90.98408699076016,0.0,23.870605548309648,6.188115419613267e-126,415.93343984988195
