covariate,coef,exp(coef),se(coef),coef lower 95%,coef upper 95%,exp(coef) lower 95%,exp(coef) upper 95%,cmp to,z,p,-log2(p)
Vital_capacity,1.747262494781674,5.738870963797271,0.17067636138702974,1.4127429734507528,2.081782016112595,4.107205923884605,8.018745723848626,0.0,10.23728465138497,1.3497126521617683e-24,79.29362198070694
Onset_site,2.293660812753377,9.911154229529798,0.36585654211960583,1.5765951666905882,3.010726458816166,4.838453605547767,20.302143240330928,0.0,6.2692901416083835,3.626977516853562e-10,31.360513146610483
Diagnostic_Delay,0.06644967561729362,1.0687071806927149,0.01356461036446533,0.039863527838622834,0.0930358233959644,1.0406687421883773,1.0975010507785836,0.0,4.898752992667537,9.644679773612208e-07,19.983763326060654
TRICALS,3.3663929717940833,28.973828928581568,0.14860037663095954,3.075141585508315,3.6576443580798514,21.6529474380594,38.769907200123285,0.0,22.654000266461814,1.2740292663028606e-113,375.0284763034964
Age_onset_limb,-0.02824787045156676,0.9721473703268559,0.005187533642891135,-0.038415249560223255,-0.01808049134291027,0.9623132577557395,0.9820819800794067,0.0,-5.4453373021063545,5.170730719521631e-08,24.20505658476037
