covariate,coef,exp(coef),se(coef),coef lower 95%,coef upper 95%,exp(coef) lower 95%,exp(coef) upper 95%,cmp to,z,p,-log2(p)
Agec,-0.44481909890015586,0.640940212334846,0.033309847949481615,-0.5101052012116452,-0.3795329965886665,0.6004324092726017,0.6841808494073621,0.0,-13.35398166856773,1.1228313377975908e-40,132.70998256089706
ALSFRS_Raschc,0.7216005562168781,2.0577240793990272,0.038200025836050186,0.6467298813697202,0.7964712310640361,1.9092870141930758,2.217701348965646,0.0,18.890054140641134,1.3770446895361594e-79,261.97074411576745
TRICALSc,2.432784402634861,11.390553854217542,0.088058622713148,2.26019267358889,2.6053761316808317,9.58493575283526,13.536315782549831,0.0,27.626873186055665,5.29280501140153e-168,555.6798874354633
Diagnosis_delayc,3.7700642169611682,43.38285066123832,0.14949432939188084,3.477060715460114,4.063067718462222,32.3644537954774,58.15243301768024,0.0,25.218777409800023,2.493281128135411e-140,463.75188772217933
Vital_Capacityc,2.7161930381043295,15.122641201035574,0.12064199940388545,2.479739064249811,2.952647011958848,11.93814892154989,19.15659440991192,0.0,22.514489576810266,2.9936590344884833e-112,370.47403671369193
Onset_site_limb,0.6816046209871335,1.9770476004039685,0.05072199014787167,0.5821913470731096,0.7810178949011574,1.7899565522518992,2.1836939055004616,0.0,13.438049630939691,3.618484471867077e-41,134.34366630985008
Riluzole_use_Yes,0.1851975920805741,1.2034562100526187,0.048386579875385353,0.09036163818974823,0.28003354597139996,1.0945700504703135,1.3231741987567684,0.0,3.827457790104847,0.00012947357811844695,12.915054664700918
European_1,0.27334413076436614,1.314352476129181,0.13841812878186502,0.0020495835444836463,0.5446386779842487,1.0020516853765515,1.7239853559626914,0.0,1.974771174627948,0.04829412162554889,4.372008595284792
Sex_Male,0.10772930135417198,1.1137462149841808,0.03835064723100866,0.03256341399759426,0.18289518871074972,1.0330994040299188,1.2006885557700562,0.0,2.8090608407533413,0.0049686255815384476,7.6529374551930465
