covariate,coef,exp(coef),se(coef),coef lower 95%,coef upper 95%,exp(coef) lower 95%,exp(coef) upper 95%,cmp to,z,p,-log2(p)
Vital_capacity,1.898721002648477,6.677348667171853,0.21181529603768884,1.4835706510399174,2.313871354257037,4.408659394381061,10.11350191393984,0.0,8.964041021431393,3.129924742510096e-19,61.47050583417252
Age,-0.2619655782084685,0.7695375121115016,0.06964131048836977,-0.39846003860184476,-0.1254711178150922,0.6713531082647639,0.8820812404926205,0.0,-3.761640560342661,0.00016880251457392152,12.532375984175525
TRICALS,2.94538425647432,19.017968760242365,0.14260358415358015,2.665886367466976,3.2248821454816636,14.380690474779703,25.15060986813257,0.0,20.65434942576353,8.921471810943098e-95,312.42588727733903
