covariate,coef,exp(coef),se(coef),coef lower 95%,coef upper 95%,exp(coef) lower 95%,exp(coef) upper 95%,cmp to,z,p,-log2(p)
Agec,-0.4670791901131568,0.6268304496726353,0.035281171523924945,-0.5362290156324299,-0.3979293645938838,0.5849499355713274,0.671709472457728,0.0,-13.238766456392188,5.2402430547633784e-40,130.48749006660017
ALSFRS_Raschc,0.9047059339478773,2.4712051186652286,0.0377968412095978,0.8306254864476863,0.9787863814480684,2.294753628761316,2.661224569808674,0.0,23.936019651243875,1.2921270237221842e-126,418.1931920533562
TRICALSc,2.7120044362200186,15.05943095130611,0.08642510214645982,2.542614348652762,2.881394523787275,12.71286342096722,17.839132937047005,0.0,31.379823325220205,3.814290522049333e-216,715.605053762466
Diagnosis_delayc,3.905350288700415,49.667474820587145,0.14242703449903796,3.626198430657457,4.184502146743373,37.56972089619596,65.66080333334163,0.0,27.420007040354367,1.5836896832785965e-165,547.4548459827737
Vital_Capacityc,2.8665653285924106,17.576544750375366,0.12274977452463351,2.6259801914137166,3.1071504657711047,13.818111944867868,22.357245808584448,0.0,23.352917263543702,1.287239766882848e-120,398.2670905852361
Onset_site_limb,0.7934077367243807,2.210917829378248,0.05370116903374938,0.6881553794905343,0.8986600939582271,1.9900412745287561,2.4563096810241514,0.0,14.774496551941926,2.139499026299117e-49,161.67720362709974
European_1,0.291853995044215,1.338907516234846,0.12925412584165086,0.0385205635413714,0.5451874265470587,1.0392720992530617,1.7249316500640997,0.0,2.2579859106529807,0.023946537847680815,5.384039101288701
