covariate,coef,exp(coef),se(coef),coef lower 95%,coef upper 95%,exp(coef) lower 95%,exp(coef) upper 95%,cmp to,z,p,-log2(p)
Vital_capacity,1.8019326254087018,6.061350471938609,0.1806741459072465,1.4478178064929639,2.15604744432444,4.253821717383226,8.636932148221598,0.0,9.973383941351344,1.9931967454999015e-23,75.4092620589119
Onset_site,0.5963742977988786,1.815524302312442,0.14557267655234782,0.3110570946231785,0.8816915009745787,1.3648671455369725,2.4149811965693564,0.0,4.096746119691101,4.189979839955037e-05,14.542697172007855
Diagnostic_Delay,0.032929242801303354,1.0334774106876536,0.014197533517211248,0.00510258843826903,0.06075589716433768,1.0051156288131085,1.062639489212694,0.0,2.319363624772163,0.02037532824137469,5.6170328887922825
Age,-0.3267852940569174,0.7212385806133753,0.05903306140197157,-0.4424879683019233,-0.21108261981191156,0.6424360705184531,0.8097071662638761,0.0,-5.535631835722541,3.101083664875739e-08,24.942652309809738
TRICALS,3.489953047862811,32.784408372055104,0.16457537140673328,3.1673912471633106,3.8125148485623113,23.745457455683507,45.26412827849808,0.0,21.20580386987373,8.441606274572762e-100,329.115291946691
